date,price
2017-09-06,996.9480127202144
2017-09-07,929.776823046115
2017-09-08,916.6568994241428
2017-09-09,893.019278938966
2017-09-10,901.570607226881
2017-09-11,887.942403939024
2017-09-12,840.5193292264436
2017-09-13,658.5631805802369
2017-09-14,758.235749358909
2017-09-15,760.8153331084987
2017-09-16,756.7533087727433
2017-09-17,853.7762406850779
2017-09-18,838.7077103949849
2017-09-19,824.6319853918034
2017-09-20,767.5305049666991
2017-09-21,772.2632737330301
2017-09-22,807.5260405120619
2017-09-23,792.2634964987906
2017-09-24,828.078812405819
2017-09-25,825.4479359837103
2017-09-26,882.2994944490259
2017-09-27,873.0296135270517
2017-09-28,865.2626591363376
2017-09-29,894.6091020735334
2017-09-30,902.5471912783792
2017-10-01,904.227582885698
2017-10-02,891.6434184617434
2017-10-03,878.2546579867087
2017-10-04,892.5294560580985
2017-10-05,910.8554304429504
2017-10-06,920.673639170352
2017-10-07,949.0601369849678
2017-10-08,952.469515045989
2017-10-09,961.289591632782
2017-10-10,969.1348807128406
2017-10-11,1033.6441276411704
2017-10-12,1098.967859853165
2017-10-13,1107.444223080145
2017-10-14,1110.1854984950046
2017-10-15,1110.051277176198
2017-10-16,1084.636152430228
2017-10-17,1071.6603185083225
2017-10-18,1077.6463402313348
2017-10-19,1104.2253526659492
2017-10-20,1113.1323277379531
2017-10-21,1103.4474155494552
2017-10-22,1089.9306767907344
2017-10-23,1048.7700726428914
2017-10-24,1068.635516226856
2017-10-25,1089.2048549583822
2017-10-26,1080.903797941199
2017-10-27,1081.3101407300207
2017-10-28,1139.7351964223374
2017-10-29,1139.689737661888
2017-10-30,1169.2848801984132
2017-10-31,1214.29456807167
2017-11-01,1266.7237289221275
2017-11-02,1310.874315151682
2017-11-03,1321.4767260436893
2017-11-04,1323.6667385816893
2017-11-05,1285.1266009236397
2017-11-06,1293.894958859326
2017-11-07,1344.7054887791885
2017-11-08,1325.822404997238
2017-11-09,1282.392848019875
2017-11-10,1304.4430127648973
2017-11-11,1256.2163547273658
2017-11-12,1308.8443720754606
2017-11-13,1348.0421361266103
2017-11-14,1420.2018544821203
2017-11-15,1449.6704588496766
2017-11-16,1480.5229103699178
2017-11-17,1509.1316113394616
2017-11-18,1527.572964445896
2017-11-19,1573.8369202062067
2017-11-20,1547.6058713732643
2017-11-21,1598.8014844825054
2017-11-22,1651.8386459940582
2017-11-23,1721.8259527643097
2017-11-24,1772.8117981961718
2017-11-25,1863.595984874872
2017-11-26,1932.9772778095344
2017-11-27,1987.083750943648
2017-11-28,1853.8237250428303
2017-11-29,1955.150415264403
2017-11-30,2054.004134298096
2017-12-01,2074.660592575042
2017-12-02,2093.062209299713
2017-12-03,2152.7025437702446
2017-12-04,2211.8873558639266
2017-12-05,2387.217856679214
2017-12-06,2985.274336225972
2017-12-07,2823.627721484986
2017-12-08,2628.2885510022056
2017-12-09,2655.4618109685102
2017-12-10,2910.2538559144805
2017-12-11,3145.033288453445
2017-12-12,3111.886037913608
2017-12-13,3299.556331350953
2017-12-14,3396.521037345358
2017-12-15,3616.3253131898377
2017-12-16,3612.247550662512
2017-12-17,3706.361613899416
2017-12-18,3686.693380957895
2017-12-19,3627.642615310994
2017-12-20,3577.264445393541
2017-12-21,3061.3978537280336
2017-12-22,3345.903427692522
2017-12-23,3183.993517703661
2017-12-24,3182.5166819287047
2017-12-25,3567.79196511828
2017-12-26,3557.884815589457
2017-12-27,3339.466422681716
2017-12-28,3599.790063174995
2017-12-29,3330.110654510257
2017-12-30,3573.872038880545
2017-12-31,3471.459563252918
2018-01-01,3782.730293631897
2018-01-02,4076.280860303686
2018-01-03,4142.806998431475
2018-01-04,4395.839802307871
2018-01-05,4510.283511085382
2018-01-06,4487.871201357117
2018-01-07,4076.3729563772777
2018-01-08,4078.1391109565257
2018-01-09,4055.6336419817526
2018-01-10,3677.278594840212
2018-01-11,3925.402222692901
2018-01-12,4095.772755516491
2018-01-13,3901.107977212772
2018-01-14,3754.562210325625
2018-01-15,2962.2965313290792
2018-01-16,2914.628343066633
2018-01-17,3039.749123760371
2018-01-18,3056.4429734642727
2018-01-19,3401.2408979537627
2018-01-20,3006.205023303705
2018-01-21,2826.6005170123776
2018-01-22,2817.222122501173
2018-01-23,2914.678933044072
2018-01-24,2903.9072299727304
2018-01-25,2835.998502271735
2018-01-26,2937.859795108769
2018-01-27,3143.27583170089
2018-01-28,2981.710409231275
2018-01-29,2981.710409231275
2018-01-30,2664.1052759493027
2018-01-31,2719.944504047523
2018-02-01,2434.873445588509
2018-02-02,2292.841493804832
2018-02-03,2358.893386008762
2018-02-04,2154.667406404424
2018-02-05,1767.792446810328
2018-02-06,1994.207228042452
2018-02-07,1994.207228042452
2018-02-08,2119.8277768151697
2018-02-09,2275.441523885918
2018-02-10,2290.630740230243
2018-02-11,2184.5216957989524
2018-02-12,2350.838316372066
2018-02-13,2249.5458870130205
2018-02-14,2504.633295054352
2018-02-15,2608.9302870975043
2018-02-16,2637.292501131837
2018-02-17,2794.4195121182365
2018-02-18,2657.805419517525
2018-02-19,2755.953722306024
2018-02-20,2773.211329216377
2018-02-21,2414.146310937468
2018-02-22,2427.064297861169
2018-02-23,2528.4172175706985
2018-02-24,2397.556351314577
2018-02-25,2412.259074757437
2018-02-26,2523.635575625578
2018-02-27,2568.6638245424847
2018-02-28,2481.2332682951824
2018-03-01,2573.706348608468
2018-03-02,2595.654159392656
2018-03-03,2619.692672708859
2018-03-04,2644.241355415878
2018-03-05,2656.576152534373
2018-03-06,2504.2241425266475
2018-03-07,2335.7375059289056
2018-03-08,2192.9634078461377
2018-03-09,2193.437748665466
2018-03-10,2102.623918101367
2018-03-11,2231.51109129036
2018-03-12,2164.6797947362606
2018-03-13,2149.243451585992
2018-03-14,1929.160607522785
2018-03-15,1938.5974007925968
2018-03-16,1960.119007486065
2018-03-17,1840.0644031319528
2018-03-18,1841.542416682612
2018-03-19,1947.6667101895696
2018-03-20,1986.5904402024587
2018-03-21,1993.835024379323
2018-03-22,1930.2781127200128
2018-03-23,1935.715460126439
2018-03-24,1888.427287939037
2018-03-25,1868.7551228753373
2018-03-26,1781.640760018734
2018-03-27,1690.7266010163687
2018-03-28,1694.7096450673496
2018-03-29,1502.940306324534
2018-03-30,1480.8724475672536
2018-03-31,1490.90711858108
2018-04-01,1446.7347095745615
2018-04-02,1491.1582967114314
2018-04-03,1596.3103280421983
2018-04-04,1457.374005452513
2018-04-05,1459.3983998346669
2018-04-06,1404.51696050676
2018-04-07,1456.2872945951067
2018-04-08,1485.9857573741956
2018-04-09,1456.528309631804
2018-04-10,1475.089996756222
2018-04-11,1517.6689667638034
2018-04-12,1725.1351443022097
2018-04-13,1726.429880737924
2018-04-14,1735.9082582385745
2018-04-15,1830.852988278333
2018-04-16,1788.413204740521
2018-04-17,1758.7879933728764
2018-04-18,1838.3416962591748
2018-04-19,1938.1559992834573
2018-04-20,2051.258379764143
2018-04-21,2091.508402222169
2018-04-22,2093.031158662065
2018-04-23,2156.727538496782
2018-04-24,2343.3884868773475
2018-04-25,2083.738211877445
2018-04-26,2208.851780051722
2018-04-27,2136.616814814236
2018-04-28,2233.92856766874
2018-04-29,2260.8827804091543
2018-04-30,2204.061096265741
2018-05-01,2188.3243119825547
2018-05-02,2231.114701990546
2018-05-03,2386.302461019038
2018-05-04,2397.0523424444286
2018-05-05,2474.774975443764
2018-05-06,2422.928016482851
2018-05-07,2328.100594775565
2018-05-08,2288.3308450927507
2018-05-09,2298.818801407623
2018-05-10,2208.871766769268
2018-05-11,2055.734417722281
2018-05-12,2092.6541134894064
2018-05-13,2171.0537207951456
2018-05-14,2164.317337117319
2018-05-15,2086.437405560532
2018-05-16,2066.05746548692
2018-05-17,1973.454672234532
2018-05-18,2011.95750871354
2018-05-19,2002.7162389970813
2018-05-20,2075.6951490144224
2018-05-21,2037.923224312584
2018-05-22,1930.2535620032315
2018-05-23,1789.849295016578
2018-05-24,1823.007189464971
2018-05-25,1784.677169369732
2018-05-26,1762.783051418019
2018-05-27,1747.6615591608072
2018-05-28,1644.1001485977913
2018-05-29,1761.096051840841
2018-05-30,1749.104143886063
2018-05-31,1777.8661667248855
2018-06-01,1787.5343152280395
2018-06-02,1822.037731636184
2018-06-03,1873.7214348294128
2018-06-04,1817.6008880463503
2018-06-05,1853.1133963087043
2018-06-06,1850.3858212126893
2018-06-07,1853.2449795792804
2018-06-08,1835.426604975289
2018-06-09,1800.136733368171
2018-06-10,1619.7683233306827
2018-06-11,1648.6428240733353
2018-06-12,1552.389195041639
2018-06-13,1492.1288292138609
2018-06-14,1585.1214780629148
2018-06-15,1512.0667387869444
2018-06-16,1527.0304878597087
2018-06-17,1512.6228860322458
2018-06-18,1577.2183911351165
2018-06-19,1601.9365804505874
2018-06-20,1593.1097698731594
2018-06-21,1579.4292758576937
2018-06-22,1421.1202020502417
2018-06-23,1436.3720859700445
2018-06-24,1412.6328393389394
2018-06-25,1428.9730175722314
2018-06-26,1364.177242237607
2018-06-27,1386.391005332866
2018-06-28,1326.3249205644763
2018-06-29,1383.8213735819006
2018-06-30,1431.8431439464434
2018-07-01,1420.8135201254715
2018-07-02,1496.1714821637067
2018-07-03,1470.4488858876698
2018-07-04,1483.792591618736
2018-07-05,1475.4355025439454
2018-07-06,1481.9342157416254
2018-07-07,1520.0133915126723
2018-07-08,1507.6615486968544
2018-07-09,1479.7391039594058
2018-07-10,1390.2613389475512
2018-07-11,1411.4676586640296
2018-07-12,1373.7780563107
2018-07-13,1382.8382925283809
2018-07-14,1383.7932357529278
2018-07-15,1416.7762467636344
2018-07-16,1518.4892878079586
2018-07-17,1621.4468127384623
2018-07-18,1600.863853961777
2018-07-19,1602.5624953060758
2018-07-20,1552.3966629726142
2018-07-21,1572.920344055524
2018-07-22,1571.6864376224923
2018-07-23,1601.747528544037
2018-07-24,1734.1120506172624
2018-07-25,1687.554348669963
2018-07-26,1645.7644432139905
2018-07-27,1681.2082838613176
2018-07-28,1685.7305500912591
2018-07-29,1687.8578370651412
2018-07-30,1671.0817956249289
2018-07-31,1583.8428721318696
2018-08-01,1558.5992855690567
2018-08-02,1532.5811293212084
2018-08-03,1524.3216227096725
2018-08-04,1457.3000142148449
2018-08-05,1467.7180481182902
2018-08-06,1442.863852735832
2018-08-07,1377.231668067738
2018-08-08,1270.789963661452
2018-08-09,1322.4543160089552
2018-08-10,1237.125282051453
2018-08-11,1220.3858510914315
2018-08-12,1236.9138734046792
2018-08-13,1193.9741104466211
2018-08-14,1172.477309168889
2018-08-15,1183.302019880913
2018-08-16,1196.5402254561145
2018-08-17,1290.6475013230836
2018-08-18,1230.6223977180282
2018-08-19,1255.7902857021347
2018-08-20,1185.3237844231055
2018-08-21,1229.9407388202817
2018-08-22,1196.8682182461744
2018-08-23,1230.759606176092
2018-08-24,1257.2979316413475
2018-08-25,1261.7479988667744
2018-08-26,1249.151592396061
2018-08-27,1294.2825398507136
2018-08-28,1338.638805547626
2018-08-29,1326.1173062457012
2018-08-30,1314.762708725436
2018-08-31,1316.9311147044816
2018-09-01,1366.709418635565
2018-09-02,1378.8292435072156
2018-09-03,1362.824284761292
2018-09-04,1372.634212128885
2018-09-05,1220.6980428756178
2018-09-06,1188.2373040397752
2018-09-07,1157.8876046545329
2018-09-08,1106.5410724715025
2018-09-09,1120.259059823254
2018-09-10,1119.872773254937
2018-09-11,1102.1164871149683
2018-09-12,1106.8659588344613
2018-09-13,1160.2357525067137
2018-09-14,1157.2041280704843
2018-09-15,1171.5890496949617
2018-09-16,1166.3467133957704
2018-09-17,1104.960457076434
2018-09-18,1147.5314710824227
2018-09-19,1152.6125346386716
2018-09-20,1223.7175942414792
2018-09-21,1317.1239722742985
2018-09-22,1309.822723437
2018-09-23,1315.832863381448
2018-09-24,1256.821414542414
2018-09-25,1236.4281207546449
2018-09-26,1240.815505252698
2018-09-27,1300.426933473613
2018-09-28,1281.8801009687463
2018-09-29,1293.703715440074
2018-09-30,1298.7619520715436
2018-10-01,1294.6785642239304
2018-10-02,1260.6674741029665
2018-10-03,1254.7316126311318
2018-10-04,1266.0088542021158
2018-10-05,1274.9507196744698
2018-10-06,1257.3943569472945
2018-10-07,1258.2423590665758
2018-10-08,1275.8741981268051
2018-10-09,1266.8796683062626
2018-10-10,1253.0637945195272
2018-10-11,1142.2744329151635
2018-10-12,1165.6012753668315
2018-10-13,1173.9409549752088
2018-10-14,1164.2648011862675
2018-10-15,1236.6536336688807
2018-10-16,1241.5075774883032
2018-10-17,1242.0890738269366
2018-10-18,1215.478308800856
2018-10-19,1210.8205401824855
2018-10-20,1222.231565684167
2018-10-21,1220.4832541440255
2018-10-22,1215.9097254338162
2018-10-23,1211.6267170531703
2018-10-24,1213.2422029089978
2018-10-25,1210.6279503455007
2018-10-26,1212.6805851153172
2018-10-27,1208.2747397402231
2018-10-28,1215.1409011835624
2018-10-29,1171.4886482889322
2018-10-30,1180.9350635822436
2018-10-31,1189.614844717603
2018-11-01,1194.2612736774618
2018-11-02,1210.2144442024205
2018-11-03,1203.619848941474
2018-11-04,1216.8792348177403
2018-11-05,1238.268980232894
2018-11-06,1281.485087807412
2018-11-07,1285.9476097336906
2018-11-08,1255.7932944339436
2018-11-09,1240.5143911352202
2018-11-10,1243.6372863911608
2018-11-11,1247.3062324395012
2018-11-12,1244.4557287831678
2018-11-13,1234.5286069614383
2018-11-14,1113.661122746308
2018-11-15,1101.0268205115606
2018-11-16,1077.3467742464952
2018-11-17,1083.4008026223646
2018-11-18,1087.1559232513844
2018-11-19,949.4194973088968
2018-11-20,848.7720971218297
2018-11-21,890.5887198250559
2018-11-22,834.6589152218926
2018-11-23,831.3188906480839
2018-11-24,744.3443795061718
2018-11-25,767.6015211172712
2018-11-26,728.2808651508507
2018-11-27,728.3259254095004
2018-11-28,805.3798170426293
2018-11-29,795.5397993205157
2018-11-30,750.6919698020057
2018-12-01,783.8738274181009
2018-12-02,768.6883348612996
2018-12-03,723.3281869220223
2018-12-04,729.9013481880555
2018-12-05,692.0708999150036
2018-12-06,629.9882157331042
2018-12-07,621.5821331367416
2018-12-08,622.327836709008
2018-12-09,645.4078271669727
2018-12-10,622.5275023159495
2018-12-11,612.1148636833192
2018-12-12,623.3380886311838
2018-12-13,597.9065224121491
2018-12-14,582.0861571714375
2018-12-15,582.0124553752123
2018-12-16,584.2777257893177
2018-12-17,645.3776551184978
2018-12-18,678.8859476981406
2018-12-19,684.8805598283479
2018-12-20,757.5044386036691
2018-12-21,723.1813188106746
2018-12-22,741.8606915871515
2018-12-23,756.8963262577875
2018-12-24,786.7082457019568
2018-12-25,726.7722171923393
2018-12-26,733.8649617506915
2018-12-27,681.9628660528017
2018-12-28,745.053852208834
2018-12-29,746.1262128253354
2018-12-30,739.7375607277994
2018-12-31,713.0434265522791
2019-01-01,736.8952862206138
2019-01-02,764.8300270136587
2019-01-03,739.1013651987731
2019-01-04,750.2324825029353
2019-01-05,745.8698952729725
2019-01-06,783.4092373363001
2019-01-07,774.8985786725326
2019-01-08,773.6106725337484
2019-01-09,778.141424822629
2019-01-10,696.1386939733039
2019-01-11,690.3920813719433
2019-01-12,689.2756610885025
2019-01-13,661.5305460754711
2019-01-14,699.8006933731721
2019-01-15,679.6263957997745
2019-01-16,688.5762193074811
2019-01-17,691.2415981681976
2019-01-18,683.3319960852857
2019-01-19,698.9962354961441
2019-01-20,673.0488905830489
2019-01-21,670.6772430109733
2019-01-22,678.5678543998171
2019-01-23,675.0792354875614
2019-01-24,676.6226462762232
2019-01-25,674.9706815886366
2019-01-26,674.6276326309719
2019-01-27,667.9602596902131
2019-01-28,639.4882606255412
2019-01-29,634.5371589662103
2019-01-30,654.5224748448508
2019-01-31,645.144011055224
2019-02-01,650.413083918835
2019-02-02,655.8345993010715
2019-02-03,648.701325971831
2019-02-04,649.9491884764504
2019-02-05,650.1012481315292
2019-02-06,635.3126166644661
2019-02-07,634.0912247072956
2019-02-08,693.6576596015047
2019-02-09,695.7491595496084
2019-02-10,700.9863669366025
2019-02-11,688.1422493676931
2019-02-12,692.2218990438356
2019-02-13,686.3419038456157
2019-02-14,681.6652617354723
2019-02-15,684.6862112785386
2019-02-16,689.0854220699413
2019-02-17,705.228791348979
2019-02-18,753.860103351536
2019-02-19,758.1799421165006
2019-02-20,777.6517186512975
2019-02-21,763.3052965950646
2019-02-22,772.4476850469179
2019-02-23,804.8591911190409
2019-02-24,723.9205587616872
2019-02-25,741.6870950968596
2019-02-26,734.554290787885
2019-02-27,734.6905192708022
2019-02-28,734.7985398546092
2019-03-01,736.5237779234751
2019-03-02,734.0751434810144
2019-03-03,730.6969256615348
2019-03-04,708.7687106265869
2019-03-05,745.9958984168362
2019-03-06,749.0599860955965
2019-03-07,749.3725645503599
2019-03-08,742.9403001013159
2019-03-09,759.9868667100809
2019-03-10,755.7676127400509
2019-03-11,742.5335302229104
2019-03-12,746.3985204240741
2019-03-13,743.427630511123
2019-03-14,745.1723821267593
2019-03-15,759.1231953758382
2019-03-16,777.9000878418765
2019-03-17,770.811860345811
2019-03-18,771.0481538847508
2019-03-19,775.5008587337618
2019-03-20,780.9988862354371
2019-03-21,766.5745143217615
2019-03-22,768.6424535739154
2019-03-23,773.6821016956454
2019-03-24,769.951264468239
2019-03-25,758.0698295123618
2019-03-26,758.3384626255513
2019-03-27,785.732924491219
2019-03-28,780.8108289772235
2019-03-29,795.8866055818011
2019-03-30,794.1401353703675
2019-03-31,793.7662317933982
2019-04-01,800.1438496592318
2019-04-02,946.5755810371468
2019-04-03,964.1918274011226
2019-04-04,945.7584183550772
2019-04-05,977.799419282808
2019-04-06,983.32751636627
2019-04-07,1008.7340310015232
2019-04-08,1023.9176949071418
2019-04-09,1003.7469255856522
2019-04-10,1028.7356852264008
2019-04-11,967.9577607170634
2019-04-12,971.8688427102358
2019-04-13,968.3449807216072
2019-04-14,987.3443560441472
2019-04-15,967.3904282678856
2019-04-16,995.5974220152832
2019-04-17,998.0170146914588
2019-04-18,1012.3177168266202
2019-04-19,1011.1377204803656
2019-04-20,1013.2343661822968
2019-04-21,1003.7145043272202
2019-04-22,1013.8444300056372
2019-04-23,1032.845924736525
2019-04-24,1005.1065112493914
2019-04-25,957.8414294563262
2019-04-26,973.4782623062626
2019-04-27,973.1616030911
2019-04-28,966.9593199273958
2019-04-29,952.2759546120204
2019-04-30,982.8464202935164
2019-05-01,987.6408183849252
2019-05-02,1001.7148315411551
2019-05-03,1049.04933076929
2019-05-04,1054.5990325962118
2019-05-05,1046.181787002682
2019-05-06,1048.714780472473
2019-05-07,1067.0291033977185
2019-05-08,1075.1206305794417
2019-05-09,1103.5738119632565
2019-05-10,1131.1468637728951
2019-05-11,1303.3926399872678
2019-05-12,1232.8306698454958
2019-05-13,1360.619649967441
2019-05-14,1432.0710325766647
2019-05-15,1503.0797528583012
2019-05-16,1462.7184665685138
2019-05-17,1361.910386078598
2019-05-18,1342.05583631617
2019-05-19,1499.0230987416503
2019-05-20,1456.78184407783
2019-05-21,1460.8512583945023
2019-05-22,1401.722649299806
2019-05-23,1431.4293138465505
2019-05-24,1456.3782389143685
2019-05-25,1466.2086019429576
2019-05-26,1570.0348829900736
2019-05-27,1624.4022202322242
2019-05-28,1610.8335355989234
2019-05-29,1598.3999633327107
2019-05-30,1531.3077201807891
2019-05-31,1592.615329453632
2019-06-01,1576.3131571176154
2019-06-02,1610.7158558429662
2019-06-03,1504.0830353014223
2019-06-04,1413.6545202357142
2019-06-05,1442.7326672627066
2019-06-06,1456.1421674514197
2019-06-07,1491.2857034042763
2019-06-08,1467.0216015359697
2019-06-09,1409.5078425863755
2019-06-10,1477.1028082483265
2019-06-11,1462.923378539219
2019-06-12,1509.604455305777
2019-06-13,1516.889603073893
2019-06-14,1583.909460133
2019-06-15,1607.5337626128346
2019-06-16,1639.338705061331
2019-06-17,1685.9583638973531
2019-06-18,1644.7497036135403
2019-06-19,1673.8730436932335
2019-06-20,1711.18923366337
2019-06-21,1806.0568356582808
2019-06-22,1909.7846099383817
2019-06-23,1920.418506764417
2019-06-24,1945.318974069727
2019-06-25,2042.608328824248
2019-06-26,2198.1273151750465
2019-06-27,1902.6174191301368
2019-06-28,2067.72772867753
2019-06-29,2042.091273632936
2019-06-30,1857.9915072177464
2019-07-01,1837.369538156342
2019-07-02,1843.003824886396
2019-07-03,2009.3694279802776
2019-07-04,1892.9305701269195
2019-07-05,1859.7158019554663
2019-07-06,1904.676472992511
2019-07-07,1936.4359255740928
2019-07-08,2045.836703077576
2019-07-09,2072.2670331181034
2019-07-10,1993.7831832472048
2019-07-11,1850.5157316283755
2019-07-12,1921.028694115373
2019-07-13,1859.9440960155823
2019-07-14,1662.1504754572709
2019-07-15,1756.642508214966
2019-07-16,1538.624051992809
2019-07-17,1573.8035206215095
2019-07-18,1727.6972875258557
2019-07-19,1703.713042961209
2019-07-20,1741.4823411113468
2019-07-21,1728.189011668929
2019-07-22,1678.705324024542
2019-07-23,1618.3134851834975
2019-07-24,1615.0572143478569
2019-07-25,1624.7879331390377
2019-07-26,1624.814363100185
2019-07-27,1552.8376958064507
2019-07-28,1571.7841949676567
2019-07-29,1560.971128095745
2019-07-30,1574.7216179333757
2019-07-31,1650.9152639685242
2019-08-01,1685.2457401899462
2019-08-02,1702.151138779903
2019-08-03,1738.7383027031433
2019-08-04,1758.8929279880474
2019-08-05,1877.716085473511
2019-08-06,1821.1586615461813
2019-08-07,1884.000397628011
2019-08-08,1884.9813754792024
2019-08-09,1846.9263709863287
2019-08-10,1784.7402291427045
2019-08-11,1825.865732653253
2019-08-12,1797.4923831481071
2019-08-13,1735.9902274584151
2019-08-14,1581.34021589292
2019-08-15,1621.5726725714792
2019-08-16,1621.8377975908857
2019-08-17,1610.6485681075217
2019-08-18,1636.8166244673766
2019-08-19,1718.5700853747203
2019-08-20,1688.8683857274275
2019-08-21,1597.977693958468
2019-08-22,1607.321344789431
2019-08-23,1657.8374620041698
2019-08-24,1607.8142978147112
2019-08-25,1594.355845339941
2019-08-26,1628.3939348932158
2019-08-27,1604.4402027891829
2019-08-28,1527.6875083815255
2019-08-29,1489.3000431350592
2019-08-30,1502.7176708653928
2019-08-31,1508.0475195278057
2019-09-01,1521.9652961287406
2019-09-02,1602.1498191097787
2019-09-03,1647.5118990530138
2019-09-04,1632.9575495794788
2019-09-05,1631.808291641425
2019-09-06,1598.887424875915
2019-09-07,1627.1037181910551
2019-09-08,1626.7381913810364
2019-09-09,1616.5456624054527
2019-09-10,1588.022658141193
2019-09-11,1587.129396270989
2019-09-12,1619.017322169315
2019-09-13,1614.6724355532208
2019-09-14,1625.3741369445129
2019-09-15,1619.30675600364
2019-09-16,1622.3984977818902
2019-09-17,1636.091453684693
2019-09-18,1645.1574381055111
2019-09-19,1658.6808926135227
2019-09-20,1643.0139772319174
2019-09-21,1616.7398501466212
2019-09-22,1612.0049595357732
2019-09-23,1550.2915161828205
2019-09-24,1386.295388295568
2019-09-25,1344.7054991053074
2019-09-26,1293.3059302554502
2019-09-27,1310.5990840049903
2019-09-28,1314.763832330614
2019-09-29,1289.8086457136992
2019-09-30,1332.393893634165
2019-10-01,1343.932968059944
2019-10-02,1342.20384636225
2019-10-03,1317.6561141592654
2019-10-04,1313.8882209647977
2019-10-05,1312.474767304928
2019-10-06,1275.6210741586117
2019-10-07,1331.596995041839
2019-10-08,1331.818163859085
2019-10-09,1396.094626685819
2019-10-10,1386.6945409209536
2019-10-11,1337.1414613066572
2019-10-12,1345.177813003293
2019-10-13,1348.64393437291
2019-10-14,1365.8766012249546
2019-10-15,1335.316867801298
2019-10-16,1306.435239797686
2019-10-17,1324.4864435497198
2019-10-18,1302.2987475612094
2019-10-19,1299.041672101242
2019-10-20,1338.3053414137537
2019-10-21,1341.520806538471
2019-10-22,1314.6641231159174
2019-10-23,1223.8442797147711
2019-10-24,1222.1005929976975
2019-10-25,1407.4816152741116
2019-10-26,1477.1288364982236
2019-10-27,1520.8171611627183
2019-10-28,1483.7317095410135
2019-10-29,1522.003466765176
2019-10-30,1482.577011447794
2019-10-31,1479.7662124516576
2019-11-01,1488.2298936537518
2019-11-02,1500.2482594376177
2019-11-03,1486.5061858635231
2019-11-04,1515.9788637147108
2019-11-05,1513.1331542771504
2019-11-06,1524.570659960384
2019-11-07,1496.4441378508557
2019-11-08,1432.0851162420886
2019-11-09,1440.1506091447125
2019-11-10,1474.761330978079
2019-11-11,1431.2403971249787
2019-11-12,1439.2384988156657
2019-11-13,1437.656951519751
2019-11-14,1416.442647633061
2019-11-15,1384.160165595285
2019-11-16,1389.9999410746443
2019-11-17,1392.5356755679288
2019-11-18,1340.973058267311
2019-11-19,1325.1870851426593
2019-11-20,1317.9044355066994
2019-11-21,1239.7915403142638
2019-11-22,1181.104189992017
2019-11-23,1189.7102968647584
2019-11-24,1129.99113739981
2019-11-25,1150.400032406524
2019-11-26,1161.8888722677736
2019-11-27,1208.5630603006532
2019-11-28,1200.469108059254
2019-11-29,1242.8244791484003
2019-11-30,1217.490834674678
2019-12-01,1196.16997193543
2019-12-02,1179.3839270414398
2019-12-03,1175.191082278296
2019-12-04,1163.4054454021075
2019-12-05,1187.6559088459337
2019-12-06,1204.6336369816242
2019-12-07,1203.3639320020334
2019-12-08,1208.8681652975356
2019-12-09,1183.7596816828748
2019-12-10,1166.1776033794415
2019-12-11,1158.0903625504056
2019-12-12,1160.3793137301552
2019-12-13,1166.527134458034
2019-12-14,1139.989271814262
2019-12-15,1146.3628861742222
2019-12-16,1103.184514151649
2019-12-17,1046.7493960964748
2019-12-18,1141.727391083467
2019-12-19,1123.4115546500964
2019-12-20,1130.9975623949658
2019-12-21,1122.7344002010043
2019-12-22,1170.4862496470632
2019-12-23,1148.7979106011742
2019-12-24,1137.8650967394408
2019-12-25,1129.3158026233737
2019-12-26,1131.6211301718397
2019-12-27,1139.316256545382
2019-12-28,1153.2153006695448
2019-12-29,1170.7535607740554
2019-12-30,1147.3078054120724
2019-12-31,1137.762690565805
2020-01-01,1138.9217093974953
2020-01-02,1102.2616703272488
2020-01-03,1161.0129026768277
2020-01-04,1167.7366947835574
2020-01-05,1168.5401422095051
2020-01-06,1238.7818089839186
2020-01-07,1286.8822527679877
2020-01-08,1269.009960777341
2020-01-09,1235.6553028633116
2020-01-10,1290.8795828549532
2020-01-11,1278.70470001322
2020-01-12,1304.838840266621
2020-01-13,1297.3348153989891
2020-01-14,1453.474560371492
2020-01-15,1443.0836803612856
2020-01-16,1428.0814078603726
2020-01-17,1467.588517208906
2020-01-18,1461.671466600006
2020-01-19,1426.0292911969889
2020-01-20,1423.1738913787472
2020-01-21,1439.3331157347975
2020-01-22,1429.9196398393503
2020-01-23,1379.4765868210045
2020-01-24,1382.1974866729906
2020-01-25,1367.6483592321276
2020-01-26,1413.6496374667988
2020-01-27,1459.8712616471182
2020-01-28,1524.821898202386
2020-01-29,1517.700194709396
2020-01-30,1564.5478459515452
2020-01-31,1528.9289336268291
2020-02-01,1541.499255863179
2020-02-02,1545.4016125237745
2020-02-03,1545.0672400885185
2020-02-04,1529.5169654128256
2020-02-05,1611.602831008595
2020-02-06,1641.7092332150692
2020-02-07,1657.3834185575363
2020-02-08,1676.245884463347
2020-02-09,1719.756662612949
2020-02-10,1683.6343315616768
2020-02-11,1743.4612167174237
2020-02-12,1788.044712421513
2020-02-13,1781.6270996842527
2020-02-14,1811.6764964053027
2020-02-15,1715.2115660415
2020-02-16,1708.5488190849517
2020-02-17,1676.2201542245737
2020-02-18,1756.197607073617
2020-02-19,1653.7699890418085
2020-02-20,1641.5432710232635
2020-02-21,1664.347921749355
2020-02-22,1655.7192444177383
2020-02-23,1715.1381629456605
2020-02-24,1655.466489666167
2020-02-25,1592.602891052855
2020-02-26,1482.3487634544892
2020-02-27,1482.6135266708952
2020-02-28,1473.7648661095895
2020-02-29,1441.568492671254
2020-03-01,1442.1280335725692
2020-03-02,1509.255258634582
2020-03-03,1482.5461033166384
2020-03-04,1478.3334086406792
2020-03-05,1523.4098199267514
2020-03-06,1554.133906188141
2020-03-07,1510.226483391573
2020-03-08,1342.7103780872687
2020-03-09,1326.3734476196803
2020-03-10,1327.677656570844
2020-03-11,1322.148571177848
2020-03-12,830.5241401804258
2020-03-13,921.1358991191436
2020-03-14,865.2457673713005
2020-03-15,897.1494525760443
2020-03-16,830.5255309797648
2020-03-17,886.0637988849467
2020-03-18,885.2706292883342
2020-03-19,1020.3115228894084
2020-03-20,1013.7887565756718
2020-03-21,1012.4842807679356
2020-03-22,961.094074472215
2020-03-23,1055.0091898010949
2020-03-24,1097.6924226247431
2020-03-25,1088.150863791632
2020-03-26,1105.0256415836636
2020-03-27,1050.4830175625732
2020-03-28,1028.2565279234843
2020-03-29,977.3880261395756
2020-03-30,1050.3705749398357
2020-03-31,1056.152118560522
2020-04-01,1080.060383520582
2020-04-02,1114.5927181029506
2020-04-03,1107.0823590778464
2020-04-04,1126.4543050490192
2020-04-05,1114.5565009905113
2020-04-06,1214.4924254380446
2020-04-07,1195.78413006669
2020-04-08,1231.3650142592753
2020-04-09,1220.4000041173238
2020-04-10,1142.1224757304656
2020-04-11,1145.122270328384
2020-04-12,1153.675114613202
2020-04-13,1141.3101408244606
2020-04-14,1143.3260265350873
2020-04-15,1104.631367927088
2020-04-16,1183.3333214930994
2020-04-17,1178.7571746107733
2020-04-18,1223.8059318870366
2020-04-19,1198.0617472707463
2020-04-20,1149.807254001514
2020-04-21,1147.8329185324624
2020-04-22,1196.6006992543146
2020-04-23,1234.2581202524975
2020-04-24,1253.6524348510263
2020-04-25,1265.064553277812
2020-04-26,1288.254982965957
2020-04-27,1298.9294422925357
2020-04-28,1303.1111992871374
2020-04-29,1452.12859281328
2020-04-30,1422.4566065688105
2020-05-01,1457.2032208397789
2020-05-02,1480.1957680822534
2020-05-03,1461.8452227471068
2020-05-04,1451.0604655431846
2020-05-05,1470.9956638222466
2020-05-06,1486.174685554765
2020-05-07,1601.155662200395
2020-05-08,1583.6293867121074
2020-05-09,1549.5105595006517
2020-05-10,1412.3712371492063
2020-05-11,1389.7681633684822
2020-05-12,1417.2408658793838
2020-05-13,1492.2354486801216
2020-05-14,1557.7536653079069
2020-05-15,1488.8743329180518
2020-05-16,1504.15301374263
2020-05-17,1543.9166110889578
2020-05-18,1563.1290345354494
2020-05-19,1567.1486961249109
2020-05-20,1534.3166588346592
2020-05-21,1460.1543737040297
2020-05-22,1481.929955463051
2020-05-23,1483.1356156943689
2020-05-24,1425.3530958365511
2020-05-25,1442.3618594188194
2020-05-26,1432.5719146227918
2020-05-27,1483.2446930862811
2020-05-28,1543.0904628978033
2020-05-29,1527.913589232113
2020-05-30,1585.934520406145
2020-05-31,1544.0337670520298
2020-06-01,1653.8436599187016
2020-06-02,1560.8738650437738
2020-06-03,1580.3152557264857
2020-06-04,1598.545357121539
2020-06-05,1578.4880938601457
2020-06-06,1582.6959858391194
2020-06-07,1592.1715923707518
2020-06-08,1599.2955077666677
2020-06-09,1595.049501137584
2020-06-10,1612.4029955667984
2020-06-11,1518.2914016563586
2020-06-12,1545.0361343513505
2020-06-13,1546.1148255912371
2020-06-14,1524.409610829441
2020-06-15,1532.980760057959
2020-06-16,1546.8090750965882
2020-06-17,1541.2212480969872
2020-06-18,1528.9872990808435
2020-06-19,1511.262941623184
2020-06-20,1520.544498304308
2020-06-21,1509.7900748214377
2020-06-22,1574.6896357052055
2020-06-23,1567.1447309705225
2020-06-24,1514.7110371753806
2020-06-25,1508.8286881925796
2020-06-26,1494.2483446276726
2020-06-27,1460.2064596003952
2020-06-28,1481.3354134192775
2020-06-29,1490.6915180555984
2020-06-30,1482.8073751932457
2020-07-01,1498.1410604069126
2020-07-02,1475.9013180611464
2020-07-03,1472.291202467549
2020-07-04,1485.3201597442496
2020-07-05,1477.348465916588
2020-07-06,1534.507981383228
2020-07-07,1518.1542894353515
2020-07-08,1556.1998880792632
2020-07-09,1525.312926327157
2020-07-10,1529.495599510899
2020-07-11,1522.9596425746674
2020-07-12,1533.021840495962
2020-07-13,1523.1336067853283
2020-07-14,1524.0749135317285
2020-07-15,1516.2221899047488
2020-07-16,1500.4608754661126
2020-07-17,1500.8565093554996
2020-07-18,1507.3214729862038
2020-07-19,1516.2053211821114
2020-07-20,1505.2848872997815
2020-07-21,1545.182044545208
2020-07-22,1580.0534416248477
2020-07-23,1600.181962999579
2020-07-24,1594.9193291278991
2020-07-25,1644.4622912463956
2020-07-26,1677.870402592545
2020-07-27,1827.4873362079088
2020-07-28,1825.9757032966745
2020-07-29,1855.7856677622008
2020-07-30,1874.5141714548067
2020-07-31,1917.0253562228784
2020-08-01,2027.988468471593
2020-08-02,1905.387162112684
2020-08-03,1951.772032686677
2020-08-04,1946.564011040596
2020-08-05,2024.0496714458025
2020-08-06,2028.4731574207665
2020-08-07,1985.4895652923888
2020-08-08,2015.915575761661
2020-08-09,2004.7694791915449
2020-08-10,2036.5878121681203
2020-08-11,1957.9456900468388
2020-08-12,1983.3582047231648
2020-08-13,2043.6295038021224
2020-08-14,2054.128213396567
2020-08-15,2072.0591982757933
2020-08-16,2082.694241824028
2020-08-17,2133.065132804722
2020-08-18,2080.171125664704
2020-08-19,2027.93942272524
2020-08-20,2054.723479400682
2020-08-21,1978.982952521955
2020-08-22,2008.6176749512515
2020-08-23,2002.8186942708664
2020-08-24,2034.904775571253
2020-08-25,1950.976659636187
2020-08-26,1967.0582880865843
2020-08-27,1936.1236467605056
2020-08-28,1979.2964998525345
2020-08-29,1978.496280356833
2020-08-30,2037.015467197832
2020-08-31,2040.198939783843
2020-09-01,2124.887554478988
2020-09-02,2001.1084743774315
2020-09-03,1773.3713461652178
2020-09-04,1825.753516696342
2020-09-05,1734.1837005288862
2020-09-06,1763.9751412717371
2020-09-07,1777.4633035986371
2020-09-08,1729.02572849367
2020-09-09,1758.9266923306866
2020-09-10,1789.5639751745712
2020-09-11,1802.3523285745432
2020-09-12,1822.8035855789503
2020-09-13,1790.1302880525143
2020-09-14,1841.65881872992
2020-09-15,1839.0630755380485
2020-09-16,1863.852941410854
2020-09-17,1883.61178268624
2020-09-18,1871.669606475876
2020-09-19,1895.86261366171
2020-09-20,1859.219939744672
2020-09-21,1765.5133607379234
2020-09-22,1774.653530672487
2020-09-23,1709.9340552825886
2020-09-24,1808.678181561982
2020-09-25,1812.7471058028311
2020-09-26,1824.7068947626249
2020-09-27,1834.5846587367337
2020-09-28,1818.977554531736
2020-09-29,1846.4819190414053
2020-09-30,1837.9371598372509
2020-10-01,1809.632372956512
2020-10-02,1791.8835899160645
2020-10-03,1790.5134039933278
2020-10-04,1818.0313121831755
2020-10-05,1833.565901907048
2020-10-06,1795.420405050934
2020-10-07,1807.7353242054223
2020-10-08,1845.357345810237
2020-10-09,1885.533986554485
2020-10-10,1921.9233117160984
2020-10-11,1937.6859588915136
2020-10-12,1971.986220218165
2020-10-13,1952.8968533619284
2020-10-14,1950.547278367443
2020-10-15,1955.505689338735
2020-10-16,1921.217157242488
2020-10-17,1925.2091608326057
2020-10-18,1950.9351233986583
2020-10-19,1984.5281265461413
2020-10-20,1987.951591710888
2020-10-21,2126.7268852156285
2020-10-22,2177.883165572985
2020-10-23,2169.653630159358
2020-10-24,2199.046855693703
2020-10-25,2181.8711238638216
2020-10-26,2172.44101677836
2020-10-27,2257.212564091453
2020-10-28,2189.091773409892
2020-10-29,2210.8466284031424
2020-10-30,2211.5014787739774
2020-10-31,2245.5996458908244
2020-11-01,2247.270176936786
2020-11-02,2211.452949854558
2020-11-03,2265.12597154632
2020-11-04,2286.915704609042
2020-11-05,2490.474667649459
2020-11-06,2537.990484299984
2020-11-07,2421.1811336934534
2020-11-08,2529.4498155588844
2020-11-09,2496.154638246329
2020-11-10,2494.0977378038806
2020-11-11,2558.838833204002
2020-11-12,2627.555799228486
2020-11-13,2652.2442062438686
2020-11-14,2611.3786828354546
2020-11-15,2582.6046958360325
2020-11-16,2697.3804507871023
2020-11-17,2843.158029656281
2020-11-18,2858.2899010313067
2020-11-19,2855.321144047776
2020-11-20,3002.002359128292
2020-11-21,3097.02475606046
2020-11-22,3072.301347591133
2020-11-23,3155.149361385039
2020-11-24,3281.151416008963
2020-11-25,3174.216769069309
2020-11-26,2881.9607205109146
2020-11-27,2887.469031600246
2020-11-28,3009.501214261988
2020-11-29,3085.091468740739
2020-11-30,3334.4601664786737
2020-12-01,3191.077786704957
2020-12-02,3256.526533692868
2020-12-03,3297.4697107764628
2020-12-04,3142.838386041709
2020-12-05,3224.958823039167
2020-12-06,3264.8348663237334
2020-12-07,3238.337348486464
2020-12-08,3075.013484938237
2020-12-09,3126.2706947087254
2020-12-10,3075.02141924952
2020-12-11,3021.270405823713
2020-12-12,3125.243440557972
2020-12-13,3195.4432635747767
2020-12-14,3203.490005049466
2020-12-15,3218.7618785784543
2020-12-16,3532.4210641695167
2020-12-17,3729.7157891769975
2020-12-18,3782.7496940606666
2020-12-19,3889.4183801607633
2020-12-20,3823.03065520391
2020-12-21,3690.350536373163
2020-12-22,3814.2925536404896
2020-12-23,3644.5246534046505
2020-12-24,3760.203152398016
2020-12-25,3878.5752888655297
2020-12-26,4104.971813679247
2020-12-27,4161.767751996024
2020-12-28,4268.829247154488
2020-12-29,4310.710967358189
2020-12-30,4491.507805643262
2020-12-31,4512.019364206798
2021-01-01,4548.54250204708
2021-01-02,4943.396291437797
2021-01-03,5251.090394957307
2021-01-04,5077.988050593731
2021-01-05,5475.781389150413
2021-01-06,5927.745995782069
2021-01-07,6299.4581683444485
2021-01-08,6454.3958897316825
2021-01-09,6500.017015208549
2021-01-10,6225.727808725515
2021-01-11,5684.917544062248
2021-01-12,5417.762151181904
2021-01-13,5975.39079115632
2021-01-14,6291.763171227153
2021-01-15,5943.8407486502565
2021-01-16,5974.230145195807
2021-01-17,5968.349308777618
2021-01-18,6045.008162170396
2021-01-19,6070.433741608919
2021-01-20,6005.331122943407
2021-01-21,5187.291449212377
2021-01-22,5533.374735388519
2021-01-23,5441.8477453941
2021-01-24,5585.251567840121
2021-01-25,5545.308374159528
2021-01-26,5590.17744162288
2021-01-27,5189.0571703766645
2021-01-28,5636.733127035827
2021-01-29,5806.103710668122
2021-01-30,5853.535708427521
2021-01-31,5671.943661996592
2021-02-01,5743.014354111858
2021-02-02,6149.417472721706
2021-02-03,6522.872496181769
2021-02-04,6433.792590432147
2021-02-05,6702.10044175767
2021-02-06,6861.5155793229615
2021-02-07,6735.447135243213
2021-02-08,7823.096596771505
2021-02-09,7946.3625751918
2021-02-10,7813.999393297226
2021-02-11,8199.53016140557
2021-02-12,8260.648554689215
2021-02-13,8231.404232818404
2021-02-14,8412.972616080551
2021-02-15,8276.04491275451
2021-02-16,8459.699870423372
2021-02-17,8935.554879715193
2021-02-18,8976.315017367991
2021-02-19,9753.23610551453
2021-02-20,9706.25075865914
2021-02-21,9949.614435558757
2021-02-22,9340.650148292963
2021-02-23,8277.298715322471
2021-02-24,8544.591227175377
2021-02-25,8024.993204470458
2021-02-26,7980.621441978294
2021-02-27,8026.691587107432
2021-02-28,7755.480821609358
2021-03-01,8551.441743860141
2021-03-02,8322.313546127276
2021-03-03,8661.332299217329
2021-03-04,8351.0897308152
2021-03-05,8343.630126316431
2021-03-06,8480.510917058731
2021-03-07,8816.291670466815
2021-03-08,9039.76365237129
2021-03-09,9461.861500031704
2021-03-10,9549.733334076976
2021-03-11,9781.659164527267
2021-03-12,9635.186003531016
2021-03-13,10325.837181153582
2021-03-14,10012.26876765943
2021-03-15,9490.949889498845
2021-03-16,9624.952288821672
2021-03-17,9982.780794645178
2021-03-18,9763.928317499654
2021-03-19,9861.966172920553
2021-03-20,9884.581920288809
2021-03-21,9737.601187437223
2021-03-22,9276.03478883546
2021-03-23,9222.99627089395
2021-03-24,8852.29069320309
2021-03-25,8681.995172489505
2021-03-26,9321.279394868205
2021-03-27,9440.295646875891
2021-03-28,9393.829245359297
2021-03-29,9773.327831142706
2021-03-30,9959.614483986605
2021-03-31,10059.97649262376
2021-04-01,10145.753475138175
2021-04-02,10352.799270753703
2021-04-03,9984.274011761576
2021-04-04,10228.5517474753
2021-04-05,10443.25261549619
2021-04-06,10494.908319877324
2021-04-07,10030.206810386142
2021-04-08,10424.531278614952
2021-04-09,10442.603246316969
2021-04-10,10851.522568381535
2021-04-11,10950.528383946254
2021-04-12,11046.904149126642
2021-04-13,11753.459756501068
2021-04-14,11801.408061808008
2021-04-15,11905.11353991561
2021-04-16,11570.278667320716
2021-04-17,11320.54618851093
2021-04-18,10600.359550682826
2021-04-19,10417.813851408851
2021-04-20,10749.616151037408
2021-04-21,10413.774025993058
2021-04-22,10066.143645440525
2021-04-23,9910.392119446517
2021-04-24,9572.612692756224
2021-04-25,9472.260937674326
2021-04-26,10482.686526576328
2021-04-27,10789.871163632071
2021-04-28,10826.39447973648
2021-04-29,10740.011563275884
2021-04-30,11421.44634566102
2021-05-01,11571.101919306187
2021-05-02,11377.943510958945
2021-05-03,11923.067922704004
2021-05-04,11205.136966720347
2021-05-05,12147.68173571841
2021-05-06,12058.159702181005
2021-05-07,12106.955178119708
2021-05-08,12602.22482185382
2021-05-09,12644.702869721645
2021-05-10,12240.908201375889
2021-05-11,12636.829738055578
2021-05-12,11442.667313792048
2021-05-13,11250.827688785106
2021-05-14,11681.832444525988
2021-05-15,10903.482543671566
2021-05-16,10811.748009134497
2021-05-17,10098.28586326949
2021-05-18,10077.41888851513
2021-05-19,8104.882024493406
2021-05-20,8870.195582274484
2021-05-21,7920.6900440286045
2021-05-22,7776.7189722412995
2021-05-23,7126.734724410294
2021-05-24,8285.947473541673
2021-05-25,8265.888037249264
2021-05-26,8709.433796411102
2021-05-27,8448.060517677006
2021-05-28,7699.389562044296
2021-05-29,7430.113241639098
2021-05-30,7667.132227584082
2021-05-31,8268.733531298822
2021-06-01,8135.256632504717
2021-06-02,8375.206259194276
2021-06-03,8763.361499806368
2021-06-04,8216.935763275942
2021-06-05,7899.711207642371
2021-06-06,8061.496234624484
2021-06-07,7541.72380455226
2021-06-08,7521.160346122649
2021-06-09,8166.345874211777
2021-06-10,7903.976010830784
2021-06-11,7771.216941783638
2021-06-12,7614.375964306044
2021-06-13,8208.831272437401
2021-06-14,8483.549769307701
2021-06-15,8414.200260596532
2021-06-16,7925.204278392204
2021-06-17,7918.805986560356
2021-06-18,7483.979912713471
2021-06-19,7361.982125301246
2021-06-20,7454.78246262629
2021-06-21,6437.934547199941
2021-06-22,6394.781000487069
2021-06-23,6782.976138798076
2021-06-24,6993.011557853511
2021-06-25,6449.367552736147
2021-06-26,6411.009718116573
2021-06-27,6929.315025816659
2021-06-28,7010.265960670932
2021-06-29,7308.09465398902
2021-06-30,7288.943524385516
2021-07-01,6914.433441622295
2021-07-02,6966.645031485042
2021-07-03,7156.097029358742
2021-07-04,7361.004911260677
2021-07-05,7051.470643831136
2021-07-06,7180.952757072437
2021-07-07,7149.644162851084
2021-07-08,6819.321471800292
2021-07-09,6996.820199545517
2021-07-10,6924.157558831353
2021-07-11,7023.259289323244
2021-07-12,6788.879199917987
2021-07-13,6610.066257153432
2021-07-14,6669.932566572668
2021-07-15,6444.010746458393
2021-07-16,6316.053140112744
2021-07-17,6376.436677481709
2021-07-18,6423.32146295527
2021-07-19,6195.248160322102
2021-07-20,5994.228622978237
2021-07-21,6525.651534812939
2021-07-22,6583.224450845965
2021-07-23,6800.334652450925
2021-07-24,6963.9358400215015
2021-07-25,7138.768330356946
2021-07-26,7425.524857817537
2021-07-27,7680.875192341605
2021-07-28,7846.563896476215
2021-07-29,7934.932835338162
2021-07-30,8240.007607708763
2021-07-31,8321.010794459542
2021-08-01,8057.629960394015
2021-08-02,8064.017058335836
2021-08-03,7862.143217339866
2021-08-04,8233.132565908727
2021-08-05,8448.498370502346
2021-08-06,8754.772619062553
2021-08-07,9281.632716000982
2021-08-08,9010.673815850683
2021-08-09,9391.635494647591
2021-08-10,9454.280982820796
2021-08-11,9604.92674126124
2021-08-12,9343.266505715988
2021-08-13,10097.172220115235
2021-08-14,10110.120722106678
2021-08-15,10144.120973800866
2021-08-16,9890.426659471716
2021-08-17,9473.659842994355
2021-08-18,9631.434158024402
2021-08-19,9866.294706824005
2021-08-20,10500.209546747396
2021-08-21,10427.108679056077
2021-08-22,10514.719409652476
2021-08-23,10726.964499546024
2021-08-24,10298.041785629985
2021-08-25,10498.12085406511
2021-08-26,10102.110900092062
2021-08-27,10575.158807664631
2021-08-28,10493.86607829297
2021-08-29,10470.475787085208
2021-08-30,10179.579822053887
2021-08-31,10458.265987923403
2021-09-01,10982.502506735133
2021-09-02,11070.467624109058
2021-09-03,11273.78796046119
2021-09-04,11239.212034393286
2021-09-05,11544.308628571554
2021-09-06,11690.273525254395
2021-09-07,10242.77041973493
2021-09-08,10225.84689584765
2021-09-09,10235.371059931194
2021-09-10,9743.93851099635
2021-09-11,9908.897757099585
2021-09-12,10220.762846560605
2021-09-13,9889.32712610948
2021-09-14,10245.592013711006
2021-09-15,10536.179370874926
2021-09-16,10439.734094139165
2021-09-17,10206.786171390802
2021-09-18,10381.525922230268
2021-09-19,10137.562620503397
2021-09-20,9074.535018454391
2021-09-21,8519.80224486068
2021-09-22,9378.639535193175
2021-09-23,9666.704198497267
2021-09-24,9198.810992914789
2021-09-25,9150.693692446504
2021-09-26,9319.051382885877
2021-09-27,8976.262273557437
2021-09-28,8703.676174095168
2021-09-29,8839.96730974959
2021-09-30,9320.558533740068
2021-10-01,10205.999499532796
2021-10-02,10256.359653228594
2021-10-03,10368.626498024832
2021-10-04,10442.81001949882
2021-10-05,10865.173577996102
2021-10-06,11346.402134663462
2021-10-07,11175.441476698112
2021-10-08,11133.689255759891
2021-10-09,11351.047424486893
2021-10-10,11103.733154765916
2021-10-11,11507.564907554286
2021-10-12,11411.507365120731
2021-10-13,11725.874027575055
2021-10-14,11860.37019349855
2021-10-15,12520.57099798291
2021-10-16,12390.320041156196
2021-10-17,12414.59268237466
2021-10-18,12447.931740058117
2021-10-19,12816.085627536531
2021-10-20,13358.0691657606
2021-10-21,12784.47920493342
2021-10-22,12584.721694219004
2021-10-23,12797.591532576032
2021-10-24,12672.435023007793
2021-10-25,13075.72527204256
2021-10-26,12669.20123994372
2021-10-27,12092.755295787723
2021-10-28,12761.588411965196
2021-10-29,13134.208459369063
2021-10-30,12933.443327672268
2021-10-31,12916.797629643726
2021-11-01,12950.830624071215
2021-11-02,13407.286661251545
2021-11-03,13548.193865424184
2021-11-04,13275.098274108404
2021-11-05,13251.791161854757
2021-11-06,13389.900070898302
2021-11-07,13693.344852371529
2021-11-08,14484.509680748022
2021-11-09,14304.84213587768
2021-11-10,13774.019877704195
2021-11-11,13948.996102202302
2021-11-12,13774.08799891203
2021-11-13,13853.916047419165
2021-11-14,13929.128757279132
2021-11-15,13653.369762187303
2021-11-16,12799.222616741625
2021-11-17,12803.744204006183
2021-11-18,12009.246868501245
2021-11-19,12577.635996013792
2021-11-20,12926.031912143211
2021-11-21,12767.791138294138
2021-11-22,12095.772377165751
2021-11-23,12522.052781416152
2021-11-24,12304.735292842986
2021-11-25,12777.367146976225
2021-11-26,11600.951778550698
2021-11-27,11741.782036663992
2021-11-28,12278.591496259807
2021-11-29,12525.3435363458
2021-11-30,12571.134257999396
2021-12-01,12583.362313584725
2021-12-02,12488.66273116064
2021-12-03,11804.802934468184
2021-12-04,10979.472177828336
2021-12-05,11007.090173818984
2021-12-06,11319.049430874637
2021-12-07,11301.503313769696
2021-12-08,11428.899884808305
2021-12-09,10817.247553912031
2021-12-10,10482.1179776594
2021-12-11,10881.960538452618
2021-12-12,11041.530694225175
2021-12-13,10211.4449473628
2021-12-14,10531.065424668846
2021-12-15,10775.23146584631
2021-12-16,10545.96748574507
2021-12-17,10301.41471958431
2021-12-18,10482.738681923898
2021-12-19,10424.33996241278
2021-12-20,10484.101061422136
2021-12-21,10840.484068840704
2021-12-22,10789.585328666304
2021-12-23,11221.153985761375
2021-12-24,11145.808816670373
2021-12-25,11198.20719729655
2021-12-26,11215.05775361718
2021-12-27,11212.860900468522
2021-12-28,10527.978654087208
2021-12-29,10114.614298955974
2021-12-30,10323.648503383612
2021-12-31,10183.519892046836
2022-01-01,10491.427065224025
2022-01-02,10507.816286014027
2022-01-03,10293.932668178975
2022-01-04,10290.159211493596
2022-01-05,9665.768013320738
2022-01-06,9507.396973069275
2022-01-07,9039.235027857703
2022-01-08,8976.799994532497
2022-01-09,9004.235121301146
2022-01-10,8911.390882478652
2022-01-11,9243.652474639144
2022-01-12,9589.223731577436
2022-01-13,9284.779650135852
2022-01-14,9430.856525126612
2022-01-15,9465.98928113073
2022-01-16,9506.848556255634
2022-01-17,9269.959737854286
2022-01-18,9219.827932131657
2022-01-19,9035.809429173189
2022-01-20,8789.799579526416
2022-01-21,7733.791812804691
2022-01-22,7328.4962595265615
2022-01-23,7636.004362619785
2022-01-24,7576.044009935814
2022-01-25,7637.504777858087
2022-01-26,7643.726210124088
2022-01-27,7598.949021573869
2022-01-28,7801.143629291314
2022-01-29,7893.77704792995
2022-01-30,7851.760058417215
2022-01-31,7987.078390255852
2022-02-01,8174.869563831246
2022-02-02,7797.382735367457
2022-02-03,7797.821166319815
2022-02-04,8609.272787182816
2022-02-05,8752.972409101216
2022-02-06,8923.450598082007
2022-02-07,9261.094835552234
2022-02-08,9239.67485610125
2022-02-09,9370.34542166258
2022-02-10,9097.10211787928
2022-02-11,8737.598444481788
2022-02-12,8704.220379063909
2022-02-13,8697.59128878324
2022-02-14,8785.50519134216
2022-02-15,9330.97795725789
2022-02-16,9192.880651960788
2022-02-17,8469.05006027426
2022-02-18,8320.393378230894
2022-02-19,8325.308643934988
2022-02-20,7971.812109487182
2022-02-21,7663.642616782744
2022-02-22,7910.078488797313
2022-02-23,7726.68729379372
2022-02-24,7842.319538732263
2022-02-25,8168.493798414914
2022-02-26,8116.616086910166
2022-02-27,7809.295319953028
2022-02-28,8801.42890583653
2022-03-01,9004.148816501105
2022-03-02,8940.479668183705
2022-03-03,8646.218561710128
2022-03-04,7985.203786376911
2022-03-05,8079.607301741985
2022-03-06,7834.767196510375
2022-03-07,7738.353439851219
2022-03-08,7884.435746254189
2022-03-09,8468.768878667468
2022-03-10,8021.898973478133
2022-03-11,7923.957020510047
2022-03-12,7924.542171594672
2022-03-13,7716.377319870179
2022-03-14,8012.476268716554
2022-03-15,8008.644561488606
2022-03-16,8367.507686903065
2022-03-17,8406.741407001708
2022-03-18,8629.98746583502
2022-03-19,8713.154497334099
2022-03-20,8500.583500775481
2022-03-21,8532.63523228925
2022-03-22,8768.67326312917
2022-03-23,8908.22658494663
2022-03-24,9146.214062327292
2022-03-25,9149.205293584784
2022-03-26,9235.459941003584
2022-03-27,9659.21102177608
2022-03-28,9740.589749403684
2022-03-29,9883.696109047054
2022-03-30,9874.458778880648
2022-03-31,9552.858062948691
2022-04-01,9827.251866810926
2022-04-02,9785.25241824739
2022-04-03,9944.24355431523
2022-04-04,9956.025623601075
2022-04-05,9768.9858737162
2022-04-06,9135.951444830074
2022-04-07,9257.756126392684
2022-04-08,8978.475172331002
2022-04-09,9126.64739240292
2022-04-10,9031.486161497942
2022-04-11,8381.396541822949
2022-04-12,8542.746445689732
2022-04-13,8758.314779299873
2022-04-14,8502.353697000264
2022-04-15,8621.848297992667
2022-04-16,8639.44434571958
2022-04-17,8435.052592248388
2022-04-18,8669.232166228987
2022-04-19,8824.617204520817
2022-04-20,8770.877633743698
2022-04-21,8542.368111301941
2022-04-22,8442.08608380471
2022-04-23,8375.641506530748
2022-04-24,8353.899788941591
2022-04-25,8566.350959280278
2022-04-26,8027.061098143571
2022-04-27,8243.271776277796
2022-04-28,8337.308828141011
2022-04-29,8076.111613774727
2022-04-30,7820.185028301115
2022-05-01,8031.457585822905
2022-05-02,8052.009112962035
2022-05-03,7885.2503322594
2022-05-04,8335.130945747647
2022-05-05,7709.520702777478
2022-05-06,7605.374775306945
2022-05-07,7456.570863756703
2022-05-08,7126.574645059036
2022-05-09,6245.483984874467
2022-05-10,6411.678535021943
2022-05-11,5717.101244028518
2022-05-12,5654.112397714513
2022-05-13,5775.596270530739
2022-05-14,5950.662790096395
2022-05-15,6198.4327788757455
2022-05-16,5884.637431789219
2022-05-17,6044.866733710806
2022-05-18,5621.74124883172
2022-05-19,5929.251706379097
2022-05-20,5729.668305483595
2022-05-21,5786.950055293257
2022-05-22,5967.560383186941
2022-05-23,5741.448605142847
2022-05-24,5820.095024886193
2022-05-25,5775.840680612266
2022-05-26,5595.513370582565
2022-05-27,5423.373367960759
2022-05-28,5565.64259986474
2022-05-29,5623.976349017518
2022-05-30,6081.265735275101
2022-05-31,6067.829675556058
2022-06-01,5675.343675115502
2022-06-02,5769.810114034469
2022-06-03,5597.67085714915
2022-06-04,5638.374895082343
2022-06-05,5653.925381254268
2022-06-06,5886.618702392706
2022-06-07,5840.308440987434
2022-06-08,5687.74981294117
2022-06-09,5670.66621969855
2022-06-10,5416.914960332702
2022-06-11,5184.103127956571
2022-06-12,4924.261723975627
2022-06-13,4133.188849707899
2022-06-14,4119.302126823397
2022-06-15,4223.337772634206
2022-06-16,3778.805005499042
2022-06-17,3828.6899482136073
2022-06-18,3539.8203717156066
2022-06-19,3857.1003590772175
2022-06-20,3885.390136581853
2022-06-21,3903.5514201002607
2022-06-22,3746.4449665518287
2022-06-23,3983.102358254246
2022-06-24,4131.2078164128125
2022-06-25,4148.526566847737
2022-06-26,4049.8196583751
2022-06-27,4001.376988136248
2022-06-28,3871.890084867306
2022-06-29,3809.589630258251
2022-06-30,3636.247877755489
2022-07-01,3684.6497152023376
2022-07-02,3662.066370143943
2022-07-03,3676.082129194264
2022-07-04,3872.5806946165126
2022-07-05,3842.1742923179663
2022-07-06,3946.12119723948
2022-07-07,4138.298253836129
2022-07-08,4154.350357697837
2022-07-09,4108.830121581489
2022-07-10,3958.896163044191
2022-07-11,3772.1834114167495
2022-07-12,3646.6684400679846
2022-07-13,3815.841147216108
2022-07-14,3944.719598146978
2022-07-15,4001.995788236844
2022-07-16,4167.619294691333
2022-07-17,4114.478125850364
2022-07-18,4501.804005587909
2022-07-19,4624.697501630602
2022-07-20,4595.987438023109
2022-07-21,4620.371937835979
2022-07-22,4513.929266523035
2022-07-23,4508.092087429624
2022-07-24,4584.887410839222
2022-07-25,4268.096409454157
2022-07-26,4226.881982067456
2022-07-27,4624.671638973843
2022-07-28,4821.725265783046
2022-07-29,4908.473232469981
2022-07-30,4807.057688241113
2022-07-31,4760.558466154323
2022-08-01,4709.976850105324
2022-08-02,4682.025945727187
2022-08-03,4643.484146934213
2022-08-04,4621.97219082976
2022-08-05,4797.498874561743
2022-08-06,4751.00701467881
2022-08-07,4790.8701841575175
2022-08-08,4941.2093081017565
2022-08-09,4796.449973392575
2022-08-10,5015.861481058836
2022-08-11,5040.533515385009
2022-08-12,5167.435573913695
2022-08-13,5189.100067522176
2022-08-14,5137.445083734168
2022-08-15,5092.19971325594
2022-08-16,5038.143252589242
2022-08-17,4917.505262557243
2022-08-18,4891.100654938428
2022-08-19,4379.633493429142
2022-08-20,4374.723914958128
2022-08-21,4495.605231577195
2022-08-22,4444.946209921817
2022-08-23,4513.819836349121
2022-08-24,4482.346645555448
2022-08-25,4551.656601461504
2022-08-26,4187.143575374907
2022-08-27,4161.320638852856
2022-08-28,4061.139144018477
2022-08-29,4252.507182006461
2022-08-30,4163.346167795167
2022-08-31,4195.528817491232
2022-09-01,4240.284598977772
2022-09-02,4206.963568239598
2022-09-03,4184.206973767052
2022-09-04,4229.258971328133
2022-09-05,4233.010313858923
2022-09-06,4055.853284371095
2022-09-07,4188.145703305683
2022-09-08,4196.171058324221
2022-09-09,4529.90223106538
2022-09-10,4630.429468616793
2022-09-11,4608.143780744763
2022-09-12,4642.088011009727
2022-09-13,4240.409277866241
2022-09-14,4301.709024059686
2022-09-15,4102.4178871428485
2022-09-16,4081.601654423757
2022-09-17,4179.069830582016
2022-09-18,3955.275500916567
2022-09-19,4019.097557253464
2022-09-20,3895.956257493485
2022-09-21,3789.0126370696153
2022-09-22,4001.909832614658
2022-09-23,4014.0344040267264
2022-09-24,3944.9077340877966
2022-09-25,3901.472262083548
2022-09-26,3973.381490449076
2022-09-27,3955.162083599835
2022-09-28,4010.181691314823
2022-09-29,4031.8095298961935
2022-09-30,4015.1835355292674
2022-10-01,3976.1276332812927
2022-10-02,3920.0399075381206
2022-10-03,4021.937602951965
2022-10-04,4165.269793317652
2022-10-05,4130.940416283849
2022-10-06,4094.729795747829
2022-10-07,4018.5708801306255
2022-10-08,4000.0056782553447
2022-10-09,4011.578554122328
2022-10-10,3930.9872486201903
2022-10-11,3897.057455722865
2022-10-12,3921.536835301984
2022-10-13,3939.7446745707057
2022-10-14,3915.049285561234
2022-10-15,3887.1848122536617
2022-10-16,3932.39393988304
2022-10-17,3997.986250837623
2022-10-18,3945.614738613193
2022-10-19,3884.3537137059793
2022-10-20,3862.122127558376
2022-10-21,3904.094849022344
2022-10-22,3920.000212772006
2022-10-23,4011.23112489503
2022-10-24,3955.534484180299
2022-10-25,4174.780652035997
2022-10-26,4355.756058769998
2022-10-27,4252.283394658888
2022-10-28,4349.914849649696
2022-10-29,4464.268446171221
2022-10-30,4419.410293860044
2022-10-31,4422.472946858178
2022-11-01,4435.21321574367
2022-11-02,4320.234166955485
2022-11-03,4337.42812830334
2022-11-04,4598.620406433106
2022-11-05,4604.963446630605
2022-11-06,4479.945537703415
2022-11-07,4418.501496170301
2022-11-08,3938.418528632282
2022-11-09,3268.3402767924827
2022-11-10,3737.23765750936
2022-11-11,3635.062320799156
2022-11-12,3564.545042450017
2022-11-13,3465.5922973276365
2022-11-14,3544.3985287567207
2022-11-15,3581.369327929629
2022-11-16,3510.5051593090648
2022-11-17,3501.578147903981
2022-11-18,3512.6625243052404
2022-11-19,3518.0185226266453
2022-11-20,3384.143482304753
2022-11-21,3283.5289457596405
2022-11-22,3374.849227994699
2022-11-23,3504.4789608377787
2022-11-24,3521.932247266598
2022-11-25,3522.120162767292
2022-11-26,3519.322245473548
2022-11-27,3524.0896880319806
2022-11-28,3447.230896254046
2022-11-29,3523.633712635809
2022-11-30,3695.993527434922
2022-12-01,3626.1365760879817
2022-12-02,3656.818205724938
2022-12-03,3605.9512102291264
2022-12-04,3658.25393621337
2022-12-05,3616.968046265304
2022-12-06,3633.996356670923
2022-12-07,3566.974797481982
2022-12-08,3661.313541099551
2022-12-09,3630.0709937866222
2022-12-10,3627.115302737588
2022-12-11,3613.60097148676
2022-12-12,3627.337451465624
2022-12-13,3731.949758043943
2022-12-14,3714.815518773356
2022-12-15,3607.749548001044
2022-12-16,3376.839946649102
2022-12-17,3442.9977434526545
2022-12-18,3448.2672135407133
2022-12-19,3366.1184162274217
2022-12-20,3478.7206900206484
2022-12-21,3450.8688118470704
2022-12-22,3462.7347435637967
2022-12-23,3464.2895029883925
2022-12-24,3469.740202141724
2022-12-25,3461.400712154443
2022-12-26,3482.9293855816354
2022-12-27,3449.127662969957
2022-12-28,3398.690567329413
2022-12-29,3419.483911513764
2022-12-30,3411.9526025711607
2022-12-31,3401.09832830201
2023-01-01,3412.0001721798703
2023-01-02,3442.189577413085
2023-01-03,3437.894120913789
2023-01-04,3510.8117207338137
2023-01-05,3498.768981339734
2023-01-06,3537.74008829146
2023-01-07,3532.690459077438
2023-01-08,3581.1202667892667
2023-01-09,3635.78882341199
2023-01-10,3682.43882933472
2023-01-11,3806.7020120018383
2023-01-12,3941.680381875855
2023-01-13,4102.888656119639
2023-01-14,4348.232831925596
2023-01-15,4312.689368116083
2023-01-16,4367.764635381616
2023-01-17,4358.067540149796
2023-01-18,4198.305919871255
2023-01-19,4278.494153487432
2023-01-20,4578.507517522859
2023-01-21,4554.0044653068535
2023-01-22,4562.5382585556445
2023-01-23,4606.974553587822
2023-01-24,4481.200577472782
2023-01-25,4611.184844182268
2023-01-26,4590.975443761704
2023-01-27,4602.415523999619
2023-01-28,4567.067143567332
2023-01-29,4734.167137241007
2023-01-30,4526.616663487785
2023-01-31,4603.08717258954
2023-02-01,4728.398493172402
2023-02-02,4713.62668860993
2023-02-03,4736.01822490098
2023-02-04,4724.866033632859
2023-02-05,4637.647869692322
2023-02-06,4587.466707626314
2023-02-07,4769.440653532467
2023-02-08,4701.292280098422
2023-02-09,4437.844391841945
2023-02-10,4394.184553242291
2023-02-11,4452.8471236785
2023-02-12,4418.79597020954
2023-02-13,4389.302032839931
2023-02-14,4494.362472625857
2023-02-15,4870.656068940649
2023-02-16,4770.069345427365
2023-02-17,4938.301967519067
2023-02-18,4934.360695722816
2023-02-19,4895.520786406736
2023-02-20,4959.300795930537
2023-02-21,4859.973449332732
2023-02-22,4827.846036527787
2023-02-23,4788.148660925484
2023-02-24,4649.888901580848
2023-02-25,4636.416276242408
2023-02-26,4729.471472285525
2023-02-27,4719.474434290226
2023-02-28,4632.789407009563
2023-03-01,4754.012511768591
2023-03-02,4710.165480343307
2023-03-03,4501.103980236137
2023-03-04,4492.122812362561
2023-03-05,4493.376004477836
2023-03-06,4493.044472966678
2023-03-07,4461.426218803184
2023-03-08,4385.196091069271
2023-03-09,4070.8897647543176
2023-03-10,4054.460139314087
2023-03-11,4103.619104498458
2023-03-12,4408.520408529219
2023-03-13,4761.831557696353
2023-03-14,4860.353678456761
2023-03-15,4767.933438529107
2023-03-16,4899.240648886731
2023-03-17,5272.526412295572
2023-03-18,5199.69842906782
2023-03-19,5388.321240795017
2023-03-20,5269.689906911123
2023-03-21,5410.468208100673
2023-03-22,5233.879735881475
2023-03-23,5429.0932170838805
2023-03-24,5265.0365219155165
2023-03-25,5271.768045254515
2023-03-26,5346.943737036032
2023-03-27,5176.932792140347
2023-03-28,5261.618995844213
2023-03-29,5419.191257577833
2023-03-30,5375.146010668264
2023-03-31,5466.273696295785
2023-04-01,5450.165891324711
2023-04-02,5391.505237430404
2023-04-03,5373.058684498352
2023-04-04,5451.458807082408
2023-04-05,5494.933943044194
2023-04-06,5433.6962777006775
2023-04-07,5415.3169568837
2023-04-08,5405.98997587366
2023-04-09,5462.623319037329
2023-04-10,5669.646977842693
2023-04-11,5728.376827315853
2023-04-12,5704.956459160418
2023-04-13,5846.31956149534
2023-04-14,5934.775501120516
2023-04-15,5925.136561195945
2023-04-16,5947.956760910696
2023-04-17,5796.865062743439
2023-04-18,5941.828020702181
2023-04-19,5590.972480441035
2023-04-20,5510.260062892157
2023-04-21,5313.526106058709
2023-04-22,5428.236704381218
2023-04-23,5370.131650023969
2023-04-24,5345.305090254593
2023-04-25,5478.683134367481
2023-04-26,5467.049519433057
2023-04-27,5639.542221131882
2023-04-28,5610.820241258386
2023-04-29,5601.985926105544
2023-04-30,5614.611927481223
2023-05-01,5410.117532391398
2023-05-02,5499.280106791062
2023-05-03,5569.100449792621
2023-05-04,5527.855860944235
2023-05-05,5703.82587859544
2023-05-06,5539.949265415457
2023-05-07,5507.946697604922
2023-05-08,5332.611134939625
2023-05-09,5323.799358752752
2023-05-10,5324.645188403531
2023-05-11,5205.80507050107
2023-05-12,5195.053137759695
2023-05-13,5194.370657669214
2023-05-14,5204.031410201749
2023-05-15,5258.881225526585
2023-05-16,5244.65953541037
2023-05-17,5289.557133377349
2023-05-18,5212.449990801766
2023-05-19,5223.607773212603
2023-05-20,5253.82487459441
2023-05-21,5198.652627119245
2023-05-22,5224.883704378925
2023-05-23,5300.330771510359
2023-05-24,5146.396584746355
2023-05-25,5161.212751888152
2023-05-26,5218.013652764152
2023-05-27,5238.1660529176415
2023-05-28,5468.057012829284
2023-05-29,5411.689544630853
2023-05-30,5418.9284488422
2023-05-31,5337.262287316763
2023-06-01,5269.737786771729
2023-06-02,5367.818802605589
2023-06-03,5333.174860468648
2023-06-04,5364.040174936359
2023-06-05,5078.322992469986
2023-06-06,5306.080792435924
2023-06-07,5131.38141205532
2023-06-08,5165.422953464555
2023-06-09,5146.669462586329
2023-06-10,4966.143179133477
2023-06-11,4969.964950427047
2023-06-12,4960.30711815247
2023-06-13,4960.098450564663
2023-06-14,4783.327094829713
2023-06-15,4843.03166489075
2023-06-16,4978.181465724079
2023-06-17,5016.058174736522
2023-06-18,4992.248676390722
2023-06-19,5057.001463171893
2023-06-20,5287.10902924571
2023-06-21,5594.850907628182
2023-06-22,5555.001106758641
2023-06-23,5656.278543267337
2023-06-24,5619.340421273061
2023-06-25,5632.87475285831
2023-06-26,5561.182251812318
2023-06-27,5644.9894080634585
2023-06-28,5507.886845054049
2023-06-29,5582.198368056287
2023-06-30,5657.795847110262
2023-07-01,5670.647228708265
2023-07-02,5681.075640663751
2023-07-03,5769.558273083373
2023-07-04,5717.509058051675
2023-07-05,5648.105264154007
2023-07-06,5537.455620463215
2023-07-07,5583.68126697695
2023-07-08,5576.757227548699
2023-07-09,5563.5958107605
2023-07-10,5613.266904180447
2023-07-11,5647.026956740682
2023-07-12,5611.954109578378
2023-07-13,5982.965715807154
2023-07-14,5743.6676660076255
2023-07-15,5748.56766948777
2023-07-16,5722.869388489413
2023-07-17,5710.203696264635
2023-07-18,5666.223700431479
2023-07-19,5692.368077757038
2023-07-20,5675.046360709077
2023-07-21,5683.516045560788
2023-07-22,5608.907187741104
2023-07-23,5684.201794517073
2023-07-24,5533.365869945034
2023-07-25,5553.150645317157
2023-07-26,5575.730396262486
2023-07-27,5549.70235089175
2023-07-28,5577.218908847011
2023-07-29,5591.647824731056
2023-07-30,5561.846776698423
2023-07-31,5547.816440660501
2023-08-01,5598.255768395283
2023-08-02,5515.242760876946
2023-08-03,5511.351963081373
2023-08-04,5475.878319317703
2023-08-05,5482.644903086596
2023-08-06,5472.277609003742
2023-08-07,5484.904420741867
2023-08-08,5595.45911781431
2023-08-09,5573.243528150377
2023-08-10,5543.46225224773
2023-08-11,5535.318823908644
2023-08-12,5537.261208539207
2023-08-13,5511.340489377048
2023-08-14,5535.012104626238
2023-08-15,5473.374133382447
2023-08-16,5398.236331727866
2023-08-17,4973.247707980702
2023-08-18,4904.960188565176
2023-08-19,4929.186175934142
2023-08-20,4951.904460085792
2023-08-21,4923.025631761203
2023-08-22,4882.188161298677
2023-08-23,4981.356333218484
2023-08-24,4924.568531239517
2023-08-25,4910.804179262233
2023-08-26,4896.009206612634
2023-08-27,4919.578377101647
2023-08-28,4921.683290411267
2023-08-29,5186.763316805737
2023-08-30,5116.05945990025
2023-08-31,4889.562566720358
2023-09-01,4854.219023165515
2023-09-02,4866.004235439929
2023-09-03,4878.064258329654
2023-09-04,4855.7862773816205
2023-09-05,4856.212498903765
2023-09-06,4853.505230039309
2023-09-07,4914.834528175974
2023-09-08,4872.975126053634
2023-09-09,4869.300943380056
2023-09-10,4840.580327935151
2023-09-11,4684.452289492124
2023-09-12,4816.690886725772
2023-09-13,4872.243663573195
2023-09-14,4927.967566202112
2023-09-15,4959.816644484182
2023-09-16,4945.356163068101
2023-09-17,4926.110020549233
2023-09-18,4974.888807784188
2023-09-19,5041.627220475215
2023-09-20,5019.168704298038
2023-09-21,4906.22119708951
2023-09-22,4920.001237224698
2023-09-23,4914.14006753472
2023-09-24,4861.960293998443
2023-09-25,4873.355296257265
2023-09-26,4871.964675141362
2023-09-27,4890.4896749008985
2023-09-28,5022.878132820228
2023-09-29,5030.438071678232
2023-09-30,5039.987648792731
2023-10-01,5224.582540011145
2023-10-02,5115.2513948412825
2023-10-03,5103.173940065926
2023-10-04,5129.632587349535
2023-10-05,5051.426870990195
2023-10-06,5145.925508046253
2023-10-07,5136.220967723999
2023-10-08,5130.311456739484
2023-10-09,5029.974370414994
2023-10-10,5000.122614584776
2023-10-11,4922.114975314801
2023-10-12,4882.104678106924
2023-10-13,4908.452564557632
2023-10-14,4918.481449418747
2023-10-15,4956.519559022644
2023-10-16,5158.998346915972
2023-10-17,5121.142488638379
2023-10-18,5106.083164366008
2023-10-19,5158.75066795509
2023-10-20,5318.427392508351
2023-10-21,5376.57288504192
2023-10-22,5385.88106603385
2023-10-23,5868.915207874359
2023-10-24,5993.357456471191
2023-10-25,6078.59776477763
2023-10-26,6057.825305800068
2023-10-27,6002.40561609542
2023-10-28,6023.607947013469
2023-10-29,6099.265028873254
2023-10-30,6122.610924062568
2023-10-31,6153.141438181444
2023-11-01,6296.110365042862
2023-11-02,6198.711647744337
2023-11-03,6200.235330918456
2023-11-04,6280.918087305635
2023-11-05,6327.053199698211
2023-11-06,6362.901552928085
2023-11-07,6385.065686437097
2023-11-08,6443.29754035136
2023-11-09,6735.972345182452
2023-11-10,6821.766727603411
2023-11-11,6738.795098555441
2023-11-12,6765.514946434295
2023-11-13,6690.861298018041
2023-11-14,6507.847448718306
2023-11-15,6877.065728945345
2023-11-16,6567.986284234201
2023-11-17,6618.156916343632
2023-11-18,6621.306523965027
2023-11-19,6782.205432044558
2023-11-20,6769.724630576527
2023-11-21,6470.74327305366
2023-11-22,6787.861007056592
2023-11-23,6762.188569385688
2023-11-24,6833.387246854606
2023-11-25,6862.283717705304
2023-11-26,6800.72633928616
2023-11-27,6716.683573952282
2023-11-28,6813.778838476825
2023-11-29,6809.718210670033
2023-11-30,6814.232316554569
2023-12-01,6957.635877332513
2023-12-02,7131.1596484757965
2023-12-03,7219.019724546529
2023-12-04,7488.084131528058
2023-12-05,7785.459813339603
2023-12-06,7717.603939896927
2023-12-07,7782.237090316695
2023-12-08,7938.367986307857
2023-12-09,7872.397675011308
2023-12-10,7904.113750873521
2023-12-11,7460.643083198245
2023-12-12,7496.898578573581
2023-12-13,7737.253950012042
2023-12-14,7802.210117342902
2023-12-15,7558.246050708087
2023-12-16,7589.038956237463
2023-12-17,7454.460305326488
2023-12-18,7625.772540292195
2023-12-19,7543.918474536195
2023-12-20,7759.956781213178
2023-12-21,7876.031796384865
2023-12-22,7982.623084014828
2023-12-23,7961.543370158737
2023-12-24,7851.974232741321
2023-12-25,7962.507642680035
2023-12-26,7786.826475369196
2023-12-27,8028.907048243398
2023-12-28,7917.877029325023
2023-12-29,7783.676517565612
2023-12-30,7794.649709409069
2023-12-31,7780.966909148773
2024-01-01,8087.076708691493
2024-01-02,8159.053636442922
2024-01-03,7751.05679332399
2024-01-04,7999.261014480782
2024-01-05,7943.0044914210575
2024-01-06,7876.507672703544
2024-01-07,7795.237374113321
2024-01-08,8313.29104611617
2024-01-09,8196.812346346696
2024-01-10,8517.616609437044
2024-01-11,8517.648244312755
2024-01-12,7947.006055668792
2024-01-13,8023.872032245045
2024-01-14,7847.763585485
2024-01-15,7963.993551873131
2024-01-16,8087.036723520902
2024-01-17,7986.031806562339
2024-01-18,7741.507242618233
2024-01-19,7796.179991123185
2024-01-20,7807.156496006029
2024-01-21,7772.6520629876595
2024-01-22,7370.282319246516
2024-01-23,7326.417682066482
2024-01-24,7382.006230481423
2024-01-25,7336.621342472476
2024-01-26,7634.666369091662
2024-01-27,7676.774569639246
2024-01-28,7659.31216326211
2024-01-29,7890.799863335969
2024-01-30,7834.107266193315
2024-01-31,7744.217351721979
2024-02-01,7826.333679766419
2024-02-02,7858.246558919876
2024-02-03,7817.393249224008
2024-02-04,7761.914912702217
2024-02-05,7778.279592784758
2024-02-06,7893.708313988513
2024-02-07,8099.283802026511
2024-02-08,8246.658096029987
2024-02-09,8531.423107293414
2024-02-10,8621.50567023332
2024-02-11,8664.323083471647
2024-02-12,9023.06014137298
2024-02-13,8962.522978696268
2024-02-14,9369.813480366254
2024-02-15,9449.676045052243
2024-02-16,9454.578257144834
2024-02-17,9377.149866065283
2024-02-18,9503.84942516549
2024-02-19,9519.877025122152
2024-02-20,9629.871146709404
2024-02-21,9556.450520073267
2024-02-22,9468.24017008704
2024-02-23,9372.19942310384
2024-02-24,9521.405975743435
2024-02-25,9646.408116456816
2024-02-26,10062.913143406766
2024-02-27,10410.626883777704
2024-02-28,11199.75617515206
2024-02-29,11096.81381095607
2024-03-01,11340.743155105272
2024-03-02,11312.695913788804
2024-03-03,11459.089774567345
2024-03-04,12212.385581792205
2024-03-05,11656.149074902532
2024-03-06,12095.484032467868
2024-03-07,12338.56105282278
2024-03-08,12506.52992975665
2024-03-09,12580.785433772964
2024-03-10,12647.942176117684
2024-03-11,13216.625271702733
2024-03-12,13042.072214264876
2024-03-13,13385.136477402655
2024-04-03,11961.6818448824
2024-04-04,12266.41054160936
2024-04-05,12199.237487205126
2024-04-06,12353.428915593193
2024-04-07,12429.056148938507
2024-04-08,12961.795916677756
2024-04-09,12476.720184124884
2024-04-10,12689.581258529572
2024-04-11,12599.996844892195
2024-04-12,11947.640690023456
2024-04-13,11831.51092147962
2024-04-14,11614.395361578008
2024-04-15,11234.784954083028
2024-04-16,11231.124170952382
2024-04-17,10850.644405316803
2024-04-18,11217.40962312118
2024-04-19,11322.983222945888
2024-04-20,11533.947661992852
2024-04-21,11534.964581186754
2024-04-22,11868.36443342636
2024-04-23,11842.70591740554
2024-04-24,11492.887332905717
2024-04-25,11528.604347047254
2024-04-26,11386.469685370952
2024-04-27,11451.473963814413
2024-04-28,11394.744528608342
2024-04-29,11449.243304428725
2024-04-30,10880.534077039743
2024-05-01,10589.743649823038
2024-05-02,10645.923867972288
2024-05-03,11249.370798687652
2024-05-04,11381.083630935866
2024-05-05,11409.536954101975
2024-05-06,11281.659075573907
2024-05-07,11121.18587928337
2024-05-08,10916.146316757531
2024-05-09,11233.915313692878
2024-05-10,10846.403881630436
2024-05-11,10830.063034124489
2024-05-12,10926.217652435604
2024-05-13,11104.347785504207
2024-05-14,10865.75161195503
2024-05-15,11635.672573603995
2024-05-21,12794.057171774872
2024-05-22,12615.867452244836
2024-05-23,12448.413274354438
